{"KNN": [0.9791855203619909, 0.9804618117229129, 0.9788797061524335, 0.9736603088101725, 0.9783223374175306, 0.9695290858725762, 0.9699903194578896, 0.9734513274336283, 0.9702797202797202, 0.9745042492917847], "MLP": [0.9723661485319516, 0.9752770673486786, 0.9814323607427056, 0.9808695652173912, 0.979185520361991, 0.9814651368049426, 0.9796672828096119, 0.9788672865595943, 0.9841004184100417, 0.9756975697569757], "AdaBoost": [0.2944606413994169, 0.32907801418439714, 0.28313253012048195, 0.27719821162444114, 0.3137254901960784, 0.2934131736526946, 0.28307692307692306, 0.2873563218390805, 0.3153526970954356, 0.3090909090909091], "SVC": [0.9791855203619909, 0.9804618117229129, 0.9788797061524335, 0.9745454545454546, 0.9783223374175306, 0.9713228492136909, 0.9699903194578896, 0.9734513274336283, 0.9702797202797202, 0.9745042492917847], "RandomForest": [0.9666080843585237, 0.9852045256744996, 0.9819494584837546, 0.983170947741364, 0.9862763037511436, 0.9801444043321301, 0.9831144465290806, 0.9759036144578314, 0.9855564995751911, 0.9761467889908256], "GradientBoost": [0.9691629955947137, 0.9842931937172774, 0.9827742520398912, 0.9813333333333334, 0.987108655616943, 0.9827742520398912, 0.980244590780809, 0.9775862068965517, 0.9838022165387894, 0.9768732654949122]}