{"KNN": [1.0, 1.0, 1.0, 0.9981378026070763, 1.0, 0.9962049335863378, 1.0, 1.0, 1.0, 1.0], "MLP": [0.9478114478114478, 0.9549248747913188, 0.9652173913043478, 0.962457337883959, 0.9609236234458259, 0.9636048526863085, 0.9636363636363636, 0.9601990049751243, 0.9702970297029703, 0.954225352112676], "AdaBoost": [0.8278688524590164, 0.8854961832061069, 0.8703703703703703, 0.8691588785046729, 0.859504132231405, 0.875, 0.7796610169491526, 0.8620689655172413, 0.8507462686567164, 0.8717948717948718], "SVC": [1.0, 1.0, 1.0, 1.0, 1.0, 1.0, 1.0, 1.0, 1.0, 1.0], "RandomForest": [0.9581881533101045, 0.9843478260869565, 0.9855072463768116, 0.9823008849557522, 0.9782214156079855, 0.9836956521739131, 0.9812734082397003, 0.9742268041237113, 0.9863945578231292, 0.9725776965265083], "GradientBoost": [0.9632224168126094, 0.986013986013986, 0.9908592321755028, 0.983957219251337, 0.9852941176470589, 0.9908592321755028, 0.9811676082862524, 0.9775862068965517, 0.988013698630137, 0.9814126394052045]}