{"KNN": [0.9592198581560284, 0.9616724738675958, 0.9586330935251799, 0.950354609929078, 0.9575645756457565, 0.9442446043165468, 0.9417293233082706, 0.9482758620689655, 0.9422750424448217, 0.9502762430939227], "MLP": [0.99822695035461, 0.9965156794425087, 0.9982014388489209, 1.0, 0.9981549815498155, 1.0, 0.9962406015037594, 0.9982758620689656, 0.99830220713073, 0.998158379373849], "AdaBoost": [0.17907801418439717, 0.20209059233449478, 0.16906474820143885, 0.16489361702127658, 0.1918819188191882, 0.17625899280575538, 0.17293233082706766, 0.1724137931034483, 0.1935483870967742, 0.1878453038674033], "SVC": [0.9592198581560284, 0.9616724738675958, 0.9586330935251799, 0.950354609929078, 0.9575645756457565, 0.9442446043165468, 0.9417293233082706, 0.9482758620689655, 0.9422750424448217, 0.9502762430939227], "RandomForest": [0.975177304964539, 0.9860627177700348, 0.9784172661870504, 0.9840425531914894, 0.9944649446494465, 0.9766187050359713, 0.9849624060150376, 0.9775862068965517, 0.9847198641765704, 0.9797421731123389], "GradientBoost": [0.975177304964539, 0.9825783972125436, 0.9748201438848921, 0.9787234042553191, 0.988929889298893, 0.9748201438848921, 0.9793233082706767, 0.9775862068965517, 0.9796264855687606, 0.9723756906077348]}